<?xml version="1.0" encoding="UTF-8"?>
<metaconfig>
	<!-- AUO panels -->
	<config PanelID="AUO439D">config/config.xml</config>
	<config PanelID="AUO2026">config/config.xml</config>
	<config PanelID="AUO048E">config/config.xml</config>
	<config PanelID="AUO038E">config/config.xml</config>
	
	<!-- BOE panels -->
	<config PanelID="BOE0838">config/config.xml</config>
	<config PanelID="BOE08B9">config/config.xml</config>
	<config PanelID="BOE08DF">config/config.xml</config>
	<config PanelID="BOE08EA">config/config.xml</config>
	<config PanelID="BOE0900">config/config.xml</config>
	<config PanelID="BOE0919">config/config_BOE0919.xml</config>
	
	<!-- CMN panels -->
	<config PanelID="CMN13B0">config/config.xml</config>
	<config PanelID="CMN151B">config/config.xml</config>
	<config PanelID="CMN1520">config/config.xml</config>
	
	<!-- CSO panels -->
	<config PanelID="CSO076D">config/config.xml</config>
	<config PanelID="CSO1500">config/config_CSO1500.xml</config>
	<config PanelID="CSO1501">config/config.xml</config>
	
	<!-- IVO panels -->
	<config PanelID="IVO061F">config/config.xml</config>
	
	<!-- LGD panels -->
	<config PanelID="LGD0657">config/config.xml</config>
	<config PanelID="LGD066D">config/config.xml</config>
	<config PanelID="LGD40BA">config/config.xml</config>
	
	<!-- LEN panels -->
	<config PanelID="LEN8995">config/config.xml</config>
	<config PanelID="LEN899B">config/config.xml</config>
	<config PanelID="LEN899C">config/config.xml</config>
	<config PanelID="LEN899D">config/config.xml</config>
	<config PanelID="LEN899E">config/config.xml</config>
	<config PanelID="LEN899F">config/config.xml</config>
	<config PanelID="LEN89A0">config/config.xml</config>
	<config PanelID="LEN89A1">config/config.xml</config>
	<config PanelID="LEN89A2">config/config.xml</config>
	<config PanelID="LEN89A3">config/config.xml</config>
	<config PanelID="LEN89A4">config/config.xml</config>
	<config PanelID="LEN89A5">config/config.xml</config>
	<config PanelID="LEN89A6">config/config.xml</config>
	<config PanelID="LEN89A7">config/config.xml</config>
	<config PanelID="LEN89A8">config/config.xml</config>
	<config PanelID="LEN89A9">config/config.xml</config>
	<config PanelID="LEN89AA">config/config.xml</config>
	<config PanelID="LEN89AB">config/config.xml</config>
	<config PanelID="LEN89AC">config/config.xml</config>
	<config PanelID="LEN89AD">config/config.xml</config>
	<config PanelID="LEN8C92">config/config.xml</config>
	<config PanelID="LEN8C94">config/config.xml</config>
	
	<config PanelID="LEN4180">config/config.xml</config>
	<config PanelID="LEN4181">config/config.xml</config>
	<config PanelID="LEN4124">config/config.xml</config>
	<config PanelID="LEN4141">config/config.xml</config>
	
	<config PanelID="LEN4125">config/config.xml</config>
	<config PanelID="LEN4167">config/config.xml</config>
	<config PanelID="LEN4168">config/config.xml</config>
	<config PanelID="LEN4184">config/config.xml</config>
	<config PanelID="LEN4185">config/config.xml</config>
</metaconfig>